,AFG,ALB,DZA,AND,AGO,ARG,ARM,AUS,AUT,AZE,BHR,BGD,BLR,BEL,BLZ,BEN,BTN,BOL,BIH,BWA,BRA,BRN,BGR,BFA,BDI,KHM,CMR,CAN,CPV,CAF,TCD,CHL,CHN,COL,COG,CRI,HRV,CUB,CYP,CZE,COD,DNK,DOM,ECU,EGY,SLV,GNQ,ERI,EST,ETH,FJI,FIN,FRA,PYF,GAB,GMB,GEO,DEU,GHA,GRC,GRL,GTM,GIN,GNB,GUY,HTI,HND,HUN,ISL,IND,IDN,IRN,IRQ,IRL,ISR,ITA,CIV,JAM,JPN,JOR,KAZ,KEN,KWT,KGZ,LAO,LVA,LBN,LSO,LBR,LBY,LTU,LUX,MKD,MDG,MWI,MYS,MDV,MLI,MLT,MRT,MUS,MEX,MDA,MNG,MNE,MAR,MOZ,MMR,NAM,NPL,NLD,NZL,NIC,NER,NGA,PRK,NOR,OMN,PAK,PAN,PNG,PRY,PER,PHL,POL,PRT,QAT,ROU,RUS,RWA,SAU,SEN,SRB,SYC,SLE,SGP,SVK,SVN,SOM,ZAF,KOR,SSD,ESP,LKA,SDN,SUR,SWZ,SWE,CHE,SYR,TJK,TZA,THA,TGO,TUN,TUR,TKM,USA,UGA,UKR,ARE,GBR,URY,UZB,VEN,VNM,YEM,ZMB,ZWE
1996,5.58601804564816e-32,0.11542301660531958,0.001046245292793529,0.4171421939070224,0.0,0.965152402723113,0.1617000668928694,1.284761874246081,4.557498266379101,0.15839409531490775,0.019656440662561173,0.08178615780297298,0.8137582258195926,6.193292305657677,0.0015285128759366263,0.00019483826848900874,2.2909636696325766e-112,0.04431278553041769,0.5531575077905354,0.0,2.464344712436835,0.0,1.7963847467312333,0.010177344600727391,0.0,0.009988669575991512,0.0011673409990968,2.969002295543109,0.0,0.0,0.0,0.44540213791069816,5.124992458791062,0.4372351051870961,0.0,0.25897906511919205,1.1571211336041118,0.0045820287598830264,0.44352808844010155,4.675476486849995,0.0,3.027329312630327,0.10573411728149736,0.05469053300627852,0.37537162967058235,0.19610772380506764,0.0,0.0,0.9998834227827924,1.7671128905246383e-114,0.023959378146364202,2.444234461286238,7.914600934067736,0.07315242162426842,0.0,2.0795208502886817e-05,0.291263887129488,11.304492763820607,0.007260863285216781,0.985632273827919,0.0,0.28325408646549766,0.0,0.0,0.00017926419371525697,0.023965022433876423,0.13195001083135297,2.2300254939350506,0.09560387748897267,3.9497822333100334,1.2396620099637357,0.016999609058313745,0.0,1.7414585769913786,2.161378642338904,6.8994564468596,0.05573569671422771,0.07811956348235431,8.466957825117156,0.13806327458081089,0.44021673419220525,0.18636498682238842,5.58601804564816e-32,0.15537357503712002,0.040738219743345426,0.6247447462113566,0.3456422255996913,0.0,0.0,6.058653834944635e-286,0.9813363367604365,0.0,0.8171554673087672,0.05872256327074548,0.01382030428540791,1.4048776376667325,0.0,0.003503682438021334,0.27192259455549006,0.0,0.12377067748188966,1.8838503355154825,0.277377546124201,0.013529892346744983,1.465157533190142,0.25984836588325594,8.979187194637401e-110,0.011365389358095206,0.0,0.04121879388873327,5.865775950098335,0.9203506077237221,0.02564325829473868,0.009498776829819231,6.843278969211932e-06,1.00136907344662,1.1105346807767549,0.017537076256548052,0.36382546869217314,0.7604979996150179,0.0,0.045187286811449026,0.21678342108346788,0.7060403053570583,2.3766646250809025,1.3082350967925616,0.0,1.5096852976913062,1.9135626709433797,0.0,0.04053321248275441,0.058390699738997784,0.0,0.00022490344111568717,0.01615772362586597,2.353609627290641,1.9517987642689378,2.4779299455003745,0.0,0.0,3.6371840429316724,0.0,5.006427823341779,0.2394784301611778,3.881811380439061e-05,0.0,0.0,4.350727081111733,5.766864016606704,0.04957305845942874,0.0343934343040193,0.0084777829292471,1.9145068889869894,0.03856538432429611,0.3779538099609201,1.6558975504533933,1.8114437179188938e-05,10.10846138063335,0.003366742007700165,1.8009056390887084,0.1103512971739594,7.885884340799918,0.40148847300313467,0.1111538543526944,0.16020386389336355,0.22615845535442566,0.0,0.030472036284018723,0.12755405682823065
1997,0.0016891691685181507,0.1328613607299852,0.0012754392523326057,0.5338146142336712,0.0,1.0592110443349305,0.45535160527063623,1.1609599246628137,4.512308172317583,0.16791125157606238,0.016918659118859952,0.08584313317668861,0.8660542502754349,6.113534817281418,0.0036479906226930567,0.0023861310145771595,0.0004849362787515292,0.049555056701106964,0.47815998041722685,0.0,2.411436406607926,0.00044115985520029886,1.6155594363328727,0.01810056284346522,0.0,0.011289263050572857,0.0022126722932599274,3.028985426568797,0.0008572960566862081,0.0,0.0,0.4196566941024534,5.115272387360482,0.47940956637719545,0.0,0.3132008728326809,1.1775113128686354,0.00622652300527506,0.5415092084983258,4.396058330575835,0.0,3.1069061507506746,0.13016193422891922,0.07254782580027289,0.39316584619247075,0.26969812106891156,0.0,0.0,1.0191909750366315,0.0003332500165872062,0.031955909548791926,2.295137730984574,7.841873638465361,0.04651066643472504,0.0,0.0016904805226535201,0.37615973057494695,10.63183306253844,0.010583735352879348,1.0237072327750059,1.0649659295365325e-108,0.31857744321027176,0.0,0.0,0.006976835654468595,0.03160528732460318,0.14674367216314102,2.2010657239189513,0.09712623706499315,3.891553786030754,1.3036508512240006,0.05962025457695251,0.0,1.6620220478942305,2.2788810081667545,6.699408334557616,0.06380518921719279,0.07101994558805767,8.473767691935068,0.25682552534563496,0.42933386314538247,0.2788082227622814,3.6542238313878145e-83,0.20164027130720952,0.04470407380189099,0.635156616812088,0.674853233835604,0.0,0.0,3.388391203826464e-80,1.0418383959452109,0.0,0.7847498429806634,0.06868578924157773,0.014507947532449704,1.4792335862570665,0.00020856315279065203,0.003010521595501488,0.2572467578564852,4.747682517889367e-249,0.17525158619447248,1.968949992643942,0.28333447917770554,0.024666240493670968,1.4305504004891425,0.25864131415653907,0.0013313083428609389,0.019364256298810105,0.0,0.07830069136643072,5.785144560153004,0.8998897925315552,0.03214881433639,0.012363619023811686,0.0004008534988106971,1.0254138720483115,1.1025432910638502,0.04198744652082941,0.36178357080770757,0.9407693979888124,1.0649659295365325e-108,0.05574189558166721,0.236929465824545,0.6947435401394471,2.4460833083681606,1.4234940700756495,2.4378015416901644e-83,1.4514206116735846,1.8294505628336164,0.0,0.03605551457591656,0.07831574253164662,0.0,0.0011488226607809246,0.02645635355591246,2.354652788274241,1.8012594048445998,2.5158970587063325,0.0,0.0,3.447356853429299,0.0,4.880422394673766,0.2631224843824273,0.0012247259110264358,6.880955442959553e-05,0.0,4.292073629355647,5.644756219202684,0.0631718239693452,0.04312199379002876,0.02215338001330405,1.9408136015955364,0.0430359392193171,0.43996606090702833,1.6802106862940982,0.0026351340621925874,9.927456863387963,0.009705158407202706,1.7011147077516509,0.1503744257395951,7.878906986806746,0.4627708934757578,0.14816161296123348,0.1608545006352061,0.32148942566147803,0.0,0.043560825166610743,0.1292077708099744
1998,0.0013861539734855385,0.11832529846701377,0.0011275546363876145,0.42757068593136227,0.0,1.0788784069161002,0.3994687241813015,1.1716103061672825,4.4022442427476935,0.11060048107129727,0.03303745829171473,0.07059248004005537,1.2252579221675426,6.183530049021767,0.0017305430284984566,0.003758571026533304,0.00018006974440075058,0.04263118291578322,0.3784289181078598,0.0,2.1809730363035436,0.0014302929177182249,1.4739590667230975,0.0134887846268864,0.0,0.007480736082234252,0.00038549598878287293,3.004511785208403,0.006195999202969283,0.0,0.0,0.4364758512908064,5.155395412897751,0.47860544916217823,0.0,0.28913344325667406,1.1270760766230883,0.006380179647375183,0.44556127314524024,4.277612393493925,0.0,3.11084027312031,0.08337969388817694,0.08182836499339372,0.418879003213243,0.2752940835873218,0.0,0.0,1.0120702679721354,0.0007600085188241907,0.024939082433486276,2.2412795830349026,7.817367188192762,0.03593502498711364,0.0,0.0009033292925765069,0.36554013584683165,10.50438177532812,0.007757300634906499,1.1199781981104369,0.0,0.29218569635683533,0.0,0.0,0.005166683378130161,0.020319059259612738,0.13720282536232448,2.1497534078753673,0.09652403321125597,4.043152464498928,1.4508778265653606,0.06266921240623399,0.0,1.74081001184061,2.214136367836293,6.753412285371337,0.04198945274853661,0.043490936597738006,8.409113329182903,0.35421041249906,0.2878639135401292,0.27164355633875575,0.00032043987055633405,0.16169046146524726,0.005372205897636077,0.6886315408551741,0.7173893667542559,0.0,0.0,0.00016367288962815894,0.988744374312643,0.0,0.6546120742690515,0.059865151193475484,0.00697255921898155,1.5615834277601377,0.00017292594284652578,0.0023251738875443343,0.22612607559030207,0.0,0.18204131021247846,1.905163782063814,0.3117295671713623,0.018292117689139045,1.1921220776931754,0.26710701655019425,0.003895642271630259,0.017188324854521545,0.0,0.09657563361799021,5.74213612150097,0.913409179054298,0.02318361147472556,0.004547966077750297,0.000482737793154797,1.066781334306228,1.1524699486403653,0.07355376161502507,0.37125630651767666,0.9896473597908801,1.892933094258537e-94,0.042425113993374564,0.25779012450657174,0.783436206416417,2.5501336990300527,1.4415089925946614,1.0630413180253986e-05,1.410326486485853,1.9808197502971803,0.0,0.08465759534823357,0.08231210274925596,0.0,0.00046739760042299706,0.03767674748114291,2.3936764389664824,1.8748591728135595,2.441644651871876,0.0,0.0,3.4044632730989277,0.0,4.907863722700372,0.28264147792598354,0.001220511839052768,5.1490061906956324e-05,0.0,4.3352055536047,5.581851637121904,0.09336398668667567,0.03065154768280665,0.03783059891981438,2.1786136676953665,0.023510750645400844,0.4286509975462451,1.7215040896478568,0.005854755163608312,9.89285263774909,0.007280017296829253,1.855222233925375,0.22115050139658946,7.889263431260107,0.4576026067830801,0.13535951729377962,0.16520368209967518,0.3431297320455836,0.0,0.04266117894073814,0.13901892846670122
1999,0.002490838125332826,0.13503992041329574,0.003197814514267439,0.4228031728058092,0.0,1.0373041294412186,0.4655544932201611,1.1636082468666888,4.250183135137164,0.08065592885734948,0.03729999612403657,0.0718664890174004,1.2421145334017836,5.943661235078562,0.001751028257860198,0.005902267532584015,0.0002877246779065943,0.05714558402045051,0.4322510517768865,0.0,2.166060853087085,0.0006260073341960041,1.2874483230911784,0.01583147661867931,0.0,0.010740905518382105,0.0005622808498614043,2.793338962982743,0.0048103183257810645,0.0,0.0,0.4473949479755568,5.613183029656187,0.516092665676217,0.0,0.25028532338512294,1.026626733124851,0.012434845758186968,0.4990944849479876,4.176625170739931,0.0,2.8822434781849022,0.09406836593842478,0.09706890463012474,0.4592351746579712,0.2629922605075606,0.0,0.0,0.9604695500256768,0.0012153617554476323,0.027848526414713002,2.115309204810937,7.592719856223277,0.02841812750450716,0.0,0.0016683208534495288,0.3024274390411053,10.04619350008282,0.010665906603215652,1.1405821489623602,0.0,0.3268738389865521,0.0,0.0,0.004409261673187458,0.021915462442914833,0.12915917621282605,2.038092089679875,0.10532690861303984,4.254446701164671,1.6718033761994973,0.06602171044571832,0.0,1.6644715484974169,2.159837643648735,6.619725456355101,0.038428053793574266,0.03218093476077046,8.325331564170682,0.5598235746827697,0.1841384229230841,0.274321242477241,0.0006029880244445287,0.14891113885190785,0.004599700758108723,0.7328933118482871,0.6932482432483618,0.0,0.0,0.000247592415374116,0.9136410199911591,1.0569240509258606,0.6320134660511264,0.06182303737866078,0.006075956467855022,1.5989156011539525,0.0012356468432607843,0.0029847341103513172,0.20113112520724633,4.823465212050257e-283,0.21250003338724718,1.9698300865243596,0.3022546074334218,0.019297120739001996,1.1923338231040785,0.29744426389251727,0.00861873663657791,0.022929124910530084,0.0,0.15623558429623505,5.695564394907291,0.917446433627892,0.03571986288287356,0.006680054271317392,0.0003335377957111453,1.224126724019751,1.0216696345023117,0.0628920183191101,0.41177297834461174,1.1379809213500107,1.5681686615982927e-152,0.0382433967294701,0.25893277344084237,0.9127683450505727,2.4466206056575213,1.4766816955927111,0.00012650541364563625,1.3982257657678092,2.134770663272338,0.0,0.09181575515071684,0.10807877121780318,0.0,2.0146467294310383e-06,0.08372669246529207,2.520981131020025,1.8319719470614122,2.5199697407456427,0.0,0.0,3.375654625552475,0.0,4.981676657240547,0.3714739876741289,0.001089147201732508,1.9999892531167624e-06,0.0,3.904741245020846,5.36705111653046,0.10955877783571491,0.028725701624523644,0.046265365113032794,2.1316131935310554,0.027450652614674775,0.4205253388712095,1.9806793548634618,0.006138600785459191,9.509510053501954,0.007305500797867767,2.1375689171797094,0.1989490722950674,7.76471260447868,0.47512243017864664,0.12004859376720048,0.12848081888844998,0.43096704976874345,0.0,0.04034326815820358,0.18684555781871126
2000,0.005320425299661858,0.18636098086293526,0.006880576329175453,0.47860179149821547,0.0,0.9817662648239783,0.36056852664743444,1.278170000222993,4.09590569262964,0.06370879869636263,0.035847793790556526,0.10601881581425501,1.1855786468945295,5.679671091710988,0.002504959091076517,0.009052193895993248,0.00035081923258747927,0.0719025485446468,0.46550280793772997,0.00545002038605061,2.1206217169304984,0.0007451933410712043,1.2306333452027078,0.05570442230951565,0.0,0.023282850277711754,0.0017951934000008283,2.5421860105758065,0.007022303756556727,0.0,0.0,0.49591105075020325,5.765946581764907,0.5399252564414542,0.0,0.2522481266670834,1.070174638265804,0.01657866177654479,0.4985247502616936,4.088923434389288,0.0,2.698970870529328,0.10549235369511879,0.09627581650324345,0.48054118021195913,0.1755810608917501,0.0,0.0,0.8674677992750929,0.002561340543756876,0.022747648795358927,1.9870263050531594,7.038831111300441,0.014895450057195515,0.0,0.0033694878477843024,0.29216804327382456,9.925818891210227,0.011256143046688273,1.1293452575700382,0.0,0.2564718821873523,0.0,0.0,0.0055683142758484565,0.021961879045973035,0.09128586762705906,2.0363694369931236,0.13183711753097788,4.46662733732028,1.7988317187424256,0.08399979786489943,0.0,1.461239220709682,2.0362051868369786,6.4405732460681175,0.04560481009781936,0.032981109445486566,8.187473380088889,0.7321338164510371,0.1608606391821564,0.2638033066963736,0.00012484169520475953,0.17838565764630876,0.004649147577550248,0.7426523286093094,0.7317235923078416,0.0018876248508764477,0.0,9.47377300474728e-41,0.8519739917786368,1.0413050027310111,0.5078457540131587,0.10529092167159276,0.008685799918652853,1.6331016416513227,0.0019123094978317856,0.004809487602004453,0.19409862591741817,0.0,0.24338665341850416,2.032422655773758,0.2900994539470574,0.020952582276904722,1.2734571638125385,0.3203172530786826,0.011865548980519365,0.022869140507746955,0.09329293243863639,0.16954323164456325,5.241746531791637,0.9759915895272835,0.03926790694139025,0.01003780864643757,0.0,1.266874471996338,0.9558625602522963,0.04263289377697804,0.4190602583382858,1.185030437179093,0.0,0.030845294717976146,0.2924044541298999,0.8769543971005755,2.4482431758834564,1.5541930803755268,0.00012684733266907558,1.2938482735030237,2.041232425070694,0.0,0.16743310144639764,0.14601224276195796,0.0,0.0,0.09304415383051577,2.6827502073166305,1.6800331727887323,2.50250953825186,0.0,2.611337015276107,3.352296573110835,0.0,5.018517815082771,0.39801410466652415,0.00048096377780975817,0.0020887644649717463,0.2597376621432744,3.645901209996476,5.099758852438159,0.11291832852693696,0.026103156306498298,0.03546431964387531,2.30303293751433,0.031570422654748236,0.46488856722856176,1.8662342047334186,0.00544518197565196,9.395600323598176,0.009417401307590471,2.1837670284098545,0.08429106838846848,7.249114876609322,0.4949323146247609,0.13295678742903216,0.10017147311658894,0.5640512832453018,0.0,0.04885325628209704,0.23470282375146992
2001,0.005189546026929462,0.17772734016177288,0.00931735899191017,0.4500669470241148,0.0,0.97063573272367,0.37711317112299675,1.1980725171239597,4.032542089563838,0.03450418451434777,0.028323782877473183,0.11294280705832742,1.1896301346912923,5.770177257595626,0.0028001008960364493,0.008384030096080228,0.00010592276476993295,0.0698240755085627,0.484851280298997,0.006704358856685412,2.110239752990867,0.008446408719656356,1.2362549833201022,0.07435794839188571,0.0,0.03522507248955671,0.0024058614155067592,2.5184566930494614,0.0026612537911148855,0.0,0.0,0.4789163927698364,6.0187811520264765,0.5409657736906797,0.0,0.29174187948684094,1.0256553335474214,0.020084916215269026,0.4861915210830005,4.047135663787478,0.0,2.6860214719311406,0.15664609404618351,0.10430669796004816,0.4938624806103437,0.18776722003458138,0.0,2.0869567261142266e-50,1.032348888818317,0.007789743623071141,0.02923719911028153,2.034076650294295,7.05962288342008,0.003112311295653198,0.0,0.004377169539802408,0.26023579203962144,9.952026388361062,0.010095945220665892,1.1616139872847555,3.7843247312785205e-50,0.30457247940544874,0.0,0.0,0.010162991584785596,0.022389193338922263,0.09204108067726695,1.9976195840599393,0.14654919737970587,4.655270196127765,1.7764107788870571,0.11568086487591198,0.0,1.3868277367274233,1.9437509193404188,6.358767603604403,0.039990000600451145,0.03311745572177433,7.871297923181808,0.6868952659323616,0.18189316593724364,0.26687639153651355,0.00152437386683434,0.17120924545217833,0.008694914855604165,0.764156921625477,0.7261963721407992,0.00787719300261108,0.0,2.159310587223396e-49,0.8936277564113574,1.2560388464546992,0.4623941892050129,0.11081846684454527,0.00950067449420998,1.6765649630129238,0.0029408151673895166,0.006569324148183604,0.2584236176376825,6.174742726849165e-50,0.302208222440018,2.050103852385367,0.2685493899447069,0.024531000030660655,1.3131504636099236,0.3420480474154253,0.0029119107070631834,0.02758703455220933,0.10181055823690649,0.19791399188755626,5.106481299536051,0.9706734614895449,0.03808844541128107,0.011173930790721046,2.7714738760435197e-05,1.235430496231349,0.9581321435608414,0.03706915661189069,0.4295021870719044,1.2434260600758458,1.533169921846482e-05,0.03296625912052794,0.3149687117066029,0.8916842020770391,2.275889495272004,1.583641374182646,0.0006900716632547697,1.3060927414574628,1.7079013528321487,0.0,0.12010323203134472,0.13552028002205202,0.0,1.3172973880101158e-49,0.13135855117280987,2.745486480622985,1.6267567209073386,2.391284652573309,0.0,2.9520269933257284,3.5602253079356125,0.0,5.078178836035154,0.41842068917717723,0.00013274599028636482,0.0035023587668921033,0.4519866993081139,3.6982300887716755,4.985490459381984,0.13791616960496947,0.020836428509343533,0.04181390398949283,2.257009744030743,0.03678696456611578,0.5516520657084407,2.065272364671926,0.0030624530584342727,9.191433398604632,0.015894888956435652,1.463429817055713,0.07635513896084782,7.15775408546234,0.473917624322705,0.14142270590638087,0.09315577669868987,0.6843904072131511,4.318621174446792e-49,0.04669372527933733,0.21160466313775014
2002,0.007950199011319728,0.1919664660454062,0.011317452477641638,0.490519701622882,0.0,0.9081191316635595,0.36589641566119807,1.052361005914592,4.0844473059554085,0.04599673797339152,0.037885675686396614,0.12497514767780214,1.2442541981020487,5.6018489953066295,0.009414022943932277,0.00861489129343727,0.00038486893824003315,0.058753777628437205,0.5314987806337444,0.019655575333290983,2.0328416716421933,0.012998559958385015,1.2403615544457613,0.07361690593620493,0.0,0.048392174275294825,0.005014303470416748,2.3301927390739703,0.0020364283557676188,0.0,0.0,0.4226450676137571,6.392654803174676,0.5525054325509393,0.0,0.3114886873562786,1.0452177514429244,0.02453209718082699,0.5209315194784798,3.953593034908731,0.0,2.6109405079355796,0.16744697975520315,0.11786692155404359,0.5810812587563892,0.2145205489849488,0.0,0.0001329563567058572,1.0450170962019705,0.011452508390413549,0.10597912951017154,1.9118258892747673,6.995615288660654,0.006017982318835132,0.0,0.007482692549651018,0.23914798173316687,9.70377660138025,0.010601377746589992,1.1954192888213733,9.06775106176658e-06,0.33805894133231507,0.0,0.0,0.012811725551977501,0.020229642972143864,0.10639781749946137,1.9672106811947598,0.14148734583273057,4.995101337203966,1.7957949740388777,0.1691991661260895,0.0,1.0747486463140203,1.9751456975931825,6.376952256388417,0.03850007969621098,0.0397310745839953,7.790156454121771,0.4994187852892902,0.17159113102395104,0.32286172156398185,0.0012864125064607106,0.1816524490735449,0.012968250684198285,0.8778854442043648,0.7364925463728111,0.011838286907377225,0.0,0.0,0.8730413624131682,1.2732059308102808,0.4400752396838408,0.11669168933914832,0.012738764544692537,1.6288997722450587,0.0030635916942537466,0.004827610153583111,0.318502672831032,2.522116002945861e-06,0.3996827200359193,1.8995802302289855,0.257884011386713,0.032943268007076594,1.2713535860478482,0.40247493051982086,0.006704983840351909,0.03284130255592149,0.1429932137006736,0.24536390350991927,5.1822174150010785,1.0063360600952003,0.04180997726627027,0.02133006778885567,1.9069520593152957e-06,1.1273943308852514,0.9774382668503282,0.04473443766670208,0.5052287940721603,1.256333335387057,0.0007369130889617959,0.0390031207709673,0.30332866926705765,0.9870821348421953,2.235001063685276,1.6238276850165154,0.0019011674034566527,1.2841297399887328,1.6399919043941034,0.0,0.10310872324616822,0.12785244682842994,0.0,3.7700579531623728e-06,0.14506639830328152,2.6293712045582893,1.5646189683797134,2.333768001393417,1.4328318624381673e-194,3.2677003158815014,3.607288140260697,0.0,5.114512764090334,0.41902984442682784,0.00011368337987538106,0.0054869900765378505,0.3893685826463662,3.5909003886300903,5.030024504052214,0.19583221750231977,0.02108099227382075,0.061304820615465945,2.3302883791193305,0.0610134545073317,0.649114048913638,1.9971732434196876,0.004841042984598609,9.32102147530118,0.023889373387398643,1.4231246783085292,0.0772142560307959,6.825716912517361,0.35809131774026043,0.13960263552963426,0.10686697708539357,0.8035980767032698,1.772992368876803e-05,0.048093088915933294,0.23646423043050754
2003,0.01962903571876202,0.20107052653740157,0.007373355865331138,0.4674138798345534,0.0,0.8957434419804663,0.3121951700016247,0.9014280065274295,4.012341148144758,0.04346008817473099,0.04154627913215233,0.14672526259047836,1.1516199696516887,5.889324175516787,0.009657435899361803,0.00801940372387442,0.0007463782932033633,0.05526956710471895,0.46333503022025835,0.024967708724681428,2.054465902675,0.012338514600810393,1.2578553932204768,0.016267444978050584,0.0,0.04069813536838494,0.005307146740059365,2.3677049716592,0.0014521634468521942,0.0,0.0,0.4642418685828396,6.646502501793168,0.5261912786821863,0.0,0.30113149322255583,1.0886878499272856,0.022184597108934404,0.510099663970662,3.818475209287263,0.0,2.748228881143068,0.1770923151360099,0.09569257782878185,0.6268735823701477,0.22523767549583326,0.0,0.0009259530792828468,1.0290915722756726,0.0123867649020378,0.12628455769730113,1.8838346761321847,6.926452879506988,0.006097049495977377,0.0,0.01061042516688926,0.23141070793291046,9.595563083654612,0.010520539237312521,1.2093546060331384,0.0,0.3234248126919767,0.0,0.0,0.01529875424352745,0.0176777370385716,0.10915842845511212,1.8585635065437236,0.14833062853077833,4.803018037313217,1.8193965548742037,0.15428496205771053,0.0,1.0892015198144815,1.9612505847080486,6.1224737341695015,0.030840203481933816,0.03966528047102828,7.911070532744727,0.4966711554428121,0.19781726732918795,0.34926645159559655,0.0010088612600263668,0.17347748990718198,0.015177039865425037,0.8942791921713166,0.778305620642737,0.004563595003802193,0.0,0.0,0.8397514553659675,1.2621290021596514,0.3547078306198777,0.10084477334512902,0.012267488754154229,1.727450351254937,0.0011973581102714215,0.0016194380664527079,0.3544267716434608,0.0,0.4291049157897734,1.8308831959358967,0.2816926105669767,0.031845313770693655,1.0118189215523423,0.4239471842130791,0.005329961664434986,0.0317445204367123,0.1923462872961932,0.29301721388937696,5.25039097638944,1.0440612708272876,0.033639375493840926,0.012350944861240238,0.0,1.0623372174757821,0.9073288402018687,0.014000200054962919,0.7261573417800977,1.1824904159019158,0.0005731578043069307,0.0255557444109727,0.2800211472431093,0.9507683865542284,2.1317549740002835,1.6533070889452874,0.0,1.3045288138513293,1.506624619121701,0.0,0.10645134674015969,0.14985560564523834,0.0,0.0,0.12131159510179075,2.6758055406221173,1.4838080115003247,2.3748788497754876,0.0,3.5317452539741847,3.5630527491533073,0.0,5.133324912029805,0.3803483661500453,0.0,0.0050586358277935235,0.32840503218088896,3.5571711031565854,5.053716870026942,0.29874581213402834,0.02077677556103094,0.052704402008323076,2.3668450879503835,0.05725332294071217,0.6624686242247828,2.0249244884713375,0.003840851920953269,9.568363673296703,0.023630618489360353,1.4402641058018342,0.06312364751938863,6.998972584091288,0.35843707660436447,0.11604548258455927,0.09149385784362096,0.8707528746946646,0.0,0.03272332206798725,0.1963346142062048
2004,0.022689430416725234,0.20663657404749353,0.005479362906782432,0.43530694049228913,0.0,0.9326162446058034,0.2832135413219536,0.7914126696653977,4.0407687513479384,0.03091785490615135,0.03872661603687524,0.18695306842798734,1.0909357813560625,5.425610351488392,0.012788270009727265,0.004388074731702582,0.0005744277148395223,0.05284071196970366,0.5430779664279092,0.029642505532583234,2.0254508510305693,0.0062870076772011734,1.2881943838164358,0.015167630696611345,0.0,0.0443669952044847,0.0023544412393488867,2.298399700446115,0.002957865967488959,0.0,0.0,0.41995135965422287,6.927883466981672,0.5816415836304578,0.0,0.3161251977953052,1.0591304520951617,0.02652407136143992,0.642558421354643,3.7831996570685895,0.0,2.7227268629873898,0.20787588828565484,0.07351299083950961,0.6192832750562589,0.26902172889325005,0.0,0.00024755685494481857,1.1406346478762093,0.015464100811344986,0.15815339044444296,1.8712433351020366,6.930255808761147,0.004250646204697844,0.0,0.00709130544739347,0.2077296223304016,9.450303561623492,0.006182800986249,1.2990226289432438,0.00011096715468968474,0.366056373745737,0.0,0.0,0.011436370878940932,0.018506426093690378,0.1214811965592051,1.7670047132061946,0.14451130781186977,4.823188426221398,1.9069874618930562,0.160789498819387,0.0,1.0789432885480268,1.8556599596700716,6.691750043195658,0.03101556031470831,0.043068108352759066,7.569905960905486,0.5253893843565037,0.20934005142287673,0.3711011426780597,0.0009153474924143346,0.20452578295534737,0.023234568367248562,1.002022580262022,0.9085372992250162,0.003396490968389536,0.0,0.0,0.9947197255640745,1.3178233961957337,0.34011787346835465,0.10334451697657604,0.012535915048362217,1.8386526464243187,0.0008077620654740686,0.0025114266946506232,0.3356423622582562,0.0,0.420464254824746,1.8935940929886281,0.3035999798572168,0.03823317934168505,1.0295571801905479,0.4408693121169635,0.007438213464513453,0.03415893235114609,0.18270035217029387,0.27774617405166147,4.96176023493852,1.0917760461206893,0.03303913083055901,0.009152465106966283,0.0,0.9940940818502173,0.8180675590337297,0.026976349533519264,0.8249394772441732,1.2393674783805328,0.000506895241640724,0.03166699475524075,0.28332464152347614,1.1125990792070855,2.196042706218182,1.6804083675599313,2.970713240505533e-213,1.4066039699616617,1.527064531860409,0.0,0.12677077674329487,0.18294499402041448,0.0,1.2887622592009843e-05,0.15696614147019017,2.4782090397046606,1.5264608826553347,2.383968482842153,0.0,3.5890481370956815,3.4470301010265336,0.0,5.022327474410018,0.36633613566371215,0.0,0.004301222614972242,0.36864217997920184,3.4461389927100887,4.979990910294471,0.30941231919403367,0.02061661972434429,0.09367881611638461,2.166883341765884,0.06067736123567149,0.7048346526381306,2.0808454852747325,0.004711905511151026,9.506326716340645,0.03501648196947157,1.4848748134029353,0.07140002075726035,6.495597745797188,0.34119766784106237,0.12034295503870962,0.07979633895861395,0.9169371830612383,0.0012933936943312248,0.024996834758565217,0.1928529906741044
2005,0.017567076485261807,0.22178754188000288,0.0031585857417943024,0.4254563155755912,0.0,0.9942859178461866,0.2606884781843844,0.6672778389266646,4.148080130366514,0.02577589482740912,0.04410868466738727,0.23072768710917133,1.000149334006249,5.321637766761184,0.02043096111479044,0.002303561572778072,0.008914035354119746,0.06130540884400822,0.5947492683040343,0.03390338804206142,1.913148190228687,0.00023107744415663,1.312236392317397,0.017261970605128078,0.0,0.05126692149652751,0.002129163391668732,2.261191215883473,0.03522920164271736,0.0,0.0,0.3751646648410313,7.386345550220639,0.6193226074497568,0.0,0.3304808077075818,1.0946032516449202,0.04119283081391765,0.7560707469679263,3.7589948330500342,0.0,2.5952497562656935,0.2489292043300511,0.08771189178700481,0.6825419940753953,0.34708640563353144,0.0,0.0,1.1973818707424766,0.0176085361418599,0.1705895957305792,1.8680829870566271,6.8431977117741125,0.004929846250558573,0.0,0.011132019819093036,0.1711001489552857,9.310689840896888,0.017917554484866177,1.2521179124687372,0.0012660383799554691,0.3974702940401957,0.0,0.0,0.011526660966022576,0.014071903569369286,0.1287265690956458,1.7368883861511388,0.14816323326922576,4.708213354444801,1.8463498760505768,0.15847158330079195,0.0,1.047080207637158,1.8946592140775156,6.43680780702334,0.030900869628036884,0.05349296302162814,7.134214231272329,0.5669895738349665,0.20021597757111403,0.42468959613442214,1.4919789464181652e-128,0.19001195987111438,0.024094982380790293,0.9819952321434608,1.0360075085048948,0.00029520874664375803,0.0,0.0,1.1470111634736089,1.256552664193469,0.34461282188494263,0.135699625538028,0.011075124580316896,1.8332556342655624,0.000283047860307721,0.004186760013548296,0.294486539272471,0.0,0.3558314132691687,1.866346230749196,0.3219562415440791,0.03417798894328621,0.8674862158541855,0.49434791745836987,0.011744001098158754,0.031008441574867453,0.17291948293323406,0.3241556401425296,4.86097883107516,1.1510660804806754,0.044414348291572696,0.012924584606339528,0.0,1.0086674312639843,0.769945022030326,0.03689774296773672,0.9119144845799015,1.3138061106799588,2.379237006594094e-128,0.05025774035113093,0.27093130743568195,1.1587033346847166,2.283489877542408,1.8425513440973484,3.5129450816158196e-128,1.501288458390711,1.3573241115744212,0.0010204657187505436,0.12419613880956086,0.17930934176514915,0.8853573201867354,2.2029079436675976e-128,0.11934756243293397,2.397576065485318,1.6524892477319169,2.343079012847777,0.0,2.955351057621013,3.4482929254945756,0.0,4.940840504751737,0.3795194322852092,0.0,0.0033360463134428538,0.5859533148249777,3.3625984679795904,4.830395072707167,0.3995087162716382,0.023621536702839528,0.12401180671360765,2.142148540617508,0.0934003784178926,0.7585129000739059,2.1747589591322143,0.002682664189304258,9.21221218497438,0.05901099853897013,1.5184806100687889,0.15354272915812683,6.248312507743274,0.4254241439572823,0.10281071918269857,0.058656663272643364,0.9765198870311349,0.003542895019678162,0.013721516255134115,0.1821120921786647
2006,0.01309049546995499,0.21064637400369424,0.0,0.4973546310163698,0.0,0.9939020426061314,0.21976068126287904,0.6499160876097313,4.059972023099841,0.018213421431336207,0.04403366354953096,0.23694897520092115,1.0452774335431974,5.06476904671218,0.014875840607626943,0.0027775512960742017,0.008142261525422613,0.04733490041084706,0.6204889052309149,0.03152555551688216,1.8719696884943502,0.00040818202861802065,1.3406413464068807,0.014114693400985642,0.0,0.06961106118506466,0.002662276186723838,2.183106331957622,0.02875356032932221,0.0,0.0,0.35090204896648636,7.37334898534643,0.6267363707254566,0.0,0.3354184643608336,1.0726117239125401,0.030620131296760267,0.7203118156653168,3.7118096180852502,0.0,2.5919361150034343,0.25765715771616077,0.09244286322453554,0.6979886024110691,0.3950964393916046,0.0,0.0,1.2626554612312189,0.0208690813149304,0.1750625861191773,1.8649094997956814,6.46029224999019,0.00749930912950178,0.0,0.011731844918305579,0.14806725671105428,8.983175514791865,0.017101339120727026,1.2486524514988022,0.0002447354023521941,0.45492963050153795,0.0,0.0,0.017092051992489168,0.013942574780439332,0.14594648445167155,1.7830837232168846,0.15828340734000995,4.660347830271499,1.889663858162568,0.13773240259780523,0.0,1.004817459540865,1.9581213621483795,6.475026326610492,0.027764539860644945,0.0599593240077792,6.969773292029819,0.5554102511795457,0.17792301731667753,0.5110554649671246,0.0,0.2066948253157561,0.026034482020827414,1.160856746594592,1.0574949458033058,0.0006437202505129492,0.0,0.0,1.2969102047732406,1.2085476883420563,0.36170831536937637,0.16294148353712457,0.012992576994249359,1.8510121550275156,0.0,0.0038328475240178017,0.326332640100152,0.0,0.3953944558038863,1.8373592784938744,0.38678151289092855,0.0285926493035909,0.19627200578924137,0.5900971287072035,0.015973524662897642,0.03251497015880342,0.13364744683923185,0.3526167247061601,4.744584387693962,1.1506146726836464,0.05278798656349936,0.01469299150931351,0.0,1.0392149965910717,0.7408225059464852,0.041430850423539105,0.9998877549346911,1.763279985687563,0.0,0.05742684181027747,0.2668989805147472,1.1440193740908964,2.39365607259293,1.9752674793233003,0.0,1.5003508716281002,1.3676191738067964,0.002063173639903181,0.10030128379270657,0.21803718553814702,1.0875468995500461,0.0,0.09977036777803923,2.5953785743026305,1.7983331864483727,2.4362081799632427,0.0,2.9015343733976833,3.5588308616242252,0.0,4.956747808368041,0.44636779102629603,0.0,0.0036805470157949744,0.7167558608989855,3.3578167175584666,4.5984653923733285,0.5016795341632824,0.018025072901040128,0.16442493485917253,2.3418202882257395,0.07961223528381195,0.7753600752591084,2.3763316380271413,0.0024581432906598303,8.756244466883448,0.07681393479064474,1.5596300321872814,0.097843579524812,5.898426315346138,0.4128032127951145,0.08837800497806615,0.035113750452870386,1.1170830931123024,0.005671111480038005,0.013851460298456044,0.1544719608665798
2007,0.0169081762840755,0.24503139560386478,3.1073868636390222e-298,0.47988443184123625,0.0,0.9461635973486062,0.27056831879357046,0.7308523671711261,3.991629152345032,0.009489091115298068,0.05728760155202885,0.2725392709430515,1.0412519519583268,4.783276673882444,0.021524478614772923,0.004943330158955925,0.009929114991497578,0.036055198231746674,0.6399752189825479,0.054945991718090906,1.7780910187774408,0.0010455433036205789,1.362094845556972,0.020547654969502976,0.0024442806400687203,0.07692813509932331,0.010516102644578567,2.008624926193567,0.020055496452573197,0.0,0.0,0.3835765799841913,8.093974062243385,0.634958949583452,0.0,0.29745890164022465,1.1228348964850214,0.008722124776433091,0.6859172186284305,3.562584364017715,0.0,2.432070800714051,0.2769263555098605,0.10297349896833667,0.763477241628255,0.3991853009918225,0.0,0.0,1.362070942517422,0.040024401010705236,0.19602409026546297,1.844291495031097,6.33708161614392,0.006363150629826725,0.0,0.004488178585032128,0.13529739625241832,8.454951617513144,0.03125595833543738,1.1556959124102208,0.001102402173052652,0.46899447993968324,0.0,0.0,0.01429759568928999,0.014440494480372174,0.17008095411908902,1.7255686408066435,0.13907830965204068,4.979630878741426,2.2056043139437604,0.06862688148876321,0.0,0.9741521209444426,1.8640394788559425,6.203100289950912,0.03555622845791714,0.059586394343719346,6.92936976239857,0.5829945861392686,0.16779955928956602,0.48109170055437694,2.071591242426015e-298,0.16326501561532603,0.03445853204248056,1.2463231951255709,1.0972568878664781,0.0014400185500915517,0.0,0.0,1.2849842483850784,1.1663271246052827,0.3243866360978556,0.18000042465946348,0.010543741813549584,2.17341708199316,0.0,0.00420484795784292,0.2658603563454195,0.0,0.39205172165596974,1.8890641221484934,0.43569211658857815,0.0186013088653417,0.1305629508200587,0.6541539810862562,0.02151798564695085,0.038098730241796455,0.14177104730050633,0.31907908134626156,4.515513436232877,1.1781330777665542,0.05956169191783915,0.012551475631193626,7.768467159097556e-299,0.8115407387023933,0.6940911801738567,0.04996675264570132,1.0441845965915824,1.9500435999769203,5.750692263225965e-300,0.06186844563855221,0.27558466568748,1.081061574141159,2.3212303978598623,2.1526314336534957,0.0,1.52344409345928,1.3067010295729895,0.0077960494181687455,0.09835317297862707,0.24864028925197945,1.1505731482326287,1.132938568641798e-298,0.09456875621139657,3.0116784664180147,1.7600616837807188,2.3298225907789663,0.0,2.8871975783798085,3.6056448665894387,0.0,4.734916488315831,0.4937565670628669,0.0,0.004752573010766803,0.5198678789194117,3.2663413075436685,4.479271434701433,0.5617634127253112,0.01640448901901845,0.23388805932639847,2.4543303128712046,0.09470815817429216,0.7777903022113232,2.4647695826318827,0.0016153009178723789,8.449596390368523,0.09070820575256723,1.668888362907429,0.3569538022397293,5.8489040918958475,0.4035879983765679,0.08677277291438219,0.02702311004347339,1.2531330428386982,0.010446216243293942,0.018333438702801883,0.1460472608274904
2008,0.028241565871323558,0.30246525762722715,0.0008599278576472567,0.4558970188477567,0.0,0.8649863572252664,0.2844229217205893,0.7247203521344256,3.869621689930792,0.009469300461975387,0.08325123680670556,0.25583823735421896,1.0093205935808716,4.560703088708898,0.13082449635649374,0.005708921130863321,0.006370548283523971,0.03735472334828084,0.6235417905516423,0.11148980570578479,1.6450669577587425,0.001091504101285507,1.3204508743900332,0.006090027067626497,0.003195868965253164,0.07454822791290304,0.015487078466621722,1.8563913129023122,0.011592933874117957,0.0,0.0,0.399424547650399,8.770998063876947,0.6944600273572336,0.0,0.2852096115910431,1.0708286547519252,0.005889537124256638,0.8393178086367538,3.451226671614863,0.0,2.321284025153758,0.3350284320713405,0.0827218733656417,0.728153710317817,0.40316115412426023,0.0,0.00027157502309601975,1.3643473210998647,0.039426738512175916,0.19119422910795783,1.7488948566050668,5.929357568751279,0.007894119268346699,0.0,0.005842097456719389,0.13775860540910723,7.793505823086554,0.03007101417821065,1.1844228915514843,0.0006637239976148815,0.4845952522015557,0.0,0.0,0.012141115564560784,0.015586868130173853,0.17654584513135144,1.6266969982005155,0.15080295867680596,5.467408520415987,2.92331937997471,0.06047234110825165,0.0,0.9284399521674752,1.8597007384724515,5.809025632357822,0.0356503082973415,0.06752068659135316,7.249800099303602,0.588350035781343,0.1358897699746123,0.3929030474059195,9.196526840345429e-49,0.15658168575385545,0.03900151882786335,1.2238278943141345,1.0164692757133764,0.022799217688540287,0.0,0.0,1.1970918769366943,1.1827802331014763,0.2813432735771432,0.154375626595808,0.011533508598221087,2.549998018188572,0.0,0.006815489145724322,0.2045741536536506,0.0,0.4062357379125881,1.6986529910281474,0.41118349822870065,0.009889967997836285,0.1263066537603082,0.660394911915374,0.022668162036980744,0.035844313969821844,0.1436494143282594,0.31731231410321975,4.507391909372133,1.0541276202987924,0.05712508636406403,0.008975025150267938,0.0009424330179848857,0.7421961459473092,0.7359795476484007,0.045234607964512216,0.9905501423129426,2.2722008432579734,0.0003466372835276948,0.05527785701829301,0.29562262158818714,1.1288321066280358,2.325068814608363,2.3291524921263242,0.0,1.478168370177171,0.9934467793457131,0.008198522253121966,0.08623484810964638,0.16713576204129632,1.1472532681494108,0.00048305416877706184,0.08186278852596544,3.220411689686359,1.7190174872264015,2.2556862645854907,0.0,3.715273476283599,3.773180287668062,0.0,4.698002538379256,0.4499800829191828,0.0,0.00433064916524965,0.4219084166478042,3.166207797846095,4.185841843369569,0.558319967075452,0.015028571236168211,0.19215990822930365,2.586651546996764,0.079331919256393,0.7357219607911599,2.4484875423728263,0.0020235065360145418,8.95001868496773,0.1090370199175986,1.5570201128411716,0.2714969893082834,5.468911315972402,0.3576014281711405,0.08129781293379135,0.011522443619303404,1.303937051262218,0.013026211283483646,0.016247669928783588,0.13597393240570113
2009,0.039956532344588354,0.24679670639658552,0.0004223335518536914,0.40952610421885527,0.0,0.8204645945431301,0.28842250913103235,0.652281511898791,3.8963098433053207,0.005265870900823599,0.08648698903435607,0.24766967476929921,0.9670907218291868,4.74738659623346,0.11970730279113244,0.007276435525506859,0.009786027360394958,0.03498508297828543,0.6204262386907681,0.1419807514995852,1.5542633325059578,3.5959262350096663e-16,1.3566183126508056,0.005357072020785197,0.0038654940229155737,0.07653688492307457,0.030726187468032753,1.7568139839805677,0.020388690266920202,0.0,0.0,0.4192194924697676,8.816949153134123,0.6203204409624709,0.0002919517312074043,0.2247123065459893,1.026522577265067,0.008653793617697598,0.8991815145617922,3.385943075137425,0.00032391573614834685,2.362923708697197,0.33444335133203945,0.08195221290676058,0.8086166647357712,0.3698288078559398,0.0,3.5959262349868377e-16,1.4739661444907406,0.04580280102053038,0.21133328574824845,1.708109215731709,6.317287506370469,0.011943851345086185,0.0,0.006559016019334129,0.10802844076094821,7.6841356638943505,0.028805264546997767,1.0897588625330306,0.00014410937606116565,0.4642452598342557,0.0,0.0,0.015120740044491257,0.013065362687279453,0.18981213632874136,1.6217337242304033,0.144096479825587,4.6378520315446465,3.4767743294289417,0.04335290057176849,0.0,0.899341494037181,1.7898735044243466,5.708597563434748,0.039228101549620344,0.09179241950968439,7.2123435673188325,0.5793989086468154,0.09816770338164801,0.4216826823958533,0.001217372186431381,0.13187043673639534,0.03954619537195197,1.1759898963513054,0.8692856395329586,0.04262716416741811,0.0,0.0,1.2346573948862376,1.1683895648016782,0.326377964105736,0.17184308390829608,0.013248221317236429,2.3228639519117675,0.0,0.010796543679874164,0.22966887864609767,0.0,0.4658014879586312,1.6538014694485859,0.4008720074303144,0.00657787685413992,0.14410254977664863,0.8840203469632284,0.024681154115250067,0.04070339483415708,0.1768857995190046,0.3852595974462247,4.3058635362225886,0.9505947412248479,0.049707297757786,0.006919803345934513,0.0017604196960976169,0.6526334325583044,0.6991847265146597,0.039609681397692796,1.0502681925153916,2.663647042275635,0.0007549997129847076,0.057083296913547535,0.3329208408035408,1.558491804485788,2.4246796520343894,2.204336608110669,0.0,1.4897339391817768,1.0305924355305918,0.009958209992119466,0.09324597900852077,0.1360480883546076,1.1008791036714942,0.00018060888088457662,0.07916222175021637,3.21609920584561,1.7221873767203977,2.2031634791194854,0.0,3.5388584002183983,3.9046935966767324,0.0,4.932452218755741,0.4033536792416211,0.0,0.005727494483132229,0.39378836640311143,3.073106963050493,4.1439230795033986,0.5629604185868393,0.015801537428320828,0.15195257976482096,2.6394787046872232,0.07396782200806455,0.7776155017698275,2.5975479831539787,0.0022737893526102557,9.00238999360865,0.10557655975931195,1.624496015905214,0.08033111106573758,5.433796230988566,0.3218838948091759,0.094668179829666,0.004679085144229611,1.3313618982520705,0.013524314192603675,0.028428207538384643,0.10151983568317936
2010,0.03720140999361318,0.17037406719593673,9.896101212083406e-257,0.3251209582950951,3.6266146913788465e-261,0.757681657512071,0.2074459800067571,0.418391836007809,3.7272474330501093,0.008590900675558039,0.08128303978247937,0.2581674647314619,0.9740605531672833,4.611217149321684,0.03125531727918203,0.005082108608479053,0.013810680185910409,0.04322382716151708,0.6543626147536142,0.18848829794428265,1.5329752120986655,1.922687792350036e-256,1.4299443897340662,0.003296789633293177,0.0023257927859314654,0.07514594968197943,0.03158735627765992,1.8610773552668771,0.01626841435337107,2.230304824438471e-260,3.1196751854764476e-261,0.38921212909291253,9.237476301565641,0.49294049275976104,1.2532423595339075e-256,0.212436026109425,1.0851716561965508,0.007683609502560894,0.9142588675603226,3.3758601112447644,8.507123473977109e-257,2.297229551853511,0.3090980501784099,0.08896801548470934,0.7359107006693353,0.37004313607006156,3.3545527691012013e-261,4.9117355197788115e-257,1.4900781922430077,0.05482350355836461,0.264275925896797,1.784933787745578,6.6624037001338525,0.007806407595292414,6.947173902000847e-261,0.006464826869409572,0.12514837638094814,7.801674043766421,0.018952998878980627,1.0235430692279641,6.834512000048362e-255,0.4519040205600499,3.608678650006625e-257,5.014585397084662e-261,0.010072266548730661,0.011974747913141445,0.1836551520691482,1.6563196205302755,0.13510001953993164,4.266793638793166,1.581884293331873,0.10777325513869415,2.896927056780368e-261,0.862869766878467,1.7364916133971495,6.163388876017025,0.03293706948609389,0.14740471288385312,6.590075670908622,0.5011015402645357,0.08679816454511588,0.346942075699145,2.3808486517812047e-96,0.1464008178033907,0.05121571435391073,1.281724897092956,0.8077580385675387,0.06252775178920486,1.2409633107768623e-260,9.637659217933767e-261,1.352982876334632,1.2052717450247916,0.3365262487089617,0.19484143581792554,0.011632331735917722,1.9671603174080623,1.7082756480951507e-256,0.00605953271203168,0.2632905353086588,2.044072186735003e-256,0.5091873493715549,1.6734466949791829,0.4355219357574145,0.004690827921468961,0.12293803976588531,0.8456089116944989,0.016038125850273,0.04854493310548479,0.13260492086756082,0.43330153209937167,3.9714369950751593,0.8883014327193258,0.04550074051953167,0.0034552826743955273,0.0022532715610643463,0.49673734907041106,0.6881699739245308,0.03462808306957141,1.00954175360308,2.7333751286907124,0.00031525552848130284,0.05867705835353391,0.3241517158377555,1.6986064926922986,2.5162742604221067,2.220665737898239,2.6172461291594563e-260,1.5141116300023343,1.0594207683150956,0.010567097790628295,0.12801072392762114,0.12358975973813585,1.0641598727336155,1.4004885646920839e-95,0.06649568678821856,2.578117447547539,1.7487136790577391,2.0646204184774155,4.705586424102985e-260,4.542247996589515,3.711048637373162,2.4398872830663965e-261,5.937893516694539,0.4445049783684512,2.3673383848531145e-259,0.000365202198886244,0.37829839355977535,3.048861564926129,4.090814469160662,0.5619124438722155,0.021608617560130116,0.14674029439261754,2.4911649653045456,0.08844682833515637,0.8431510982636892,2.759682502310334,0.005607444194401297,10.027636857624033,0.11900477180153458,1.8512276209577525,0.10734861593433631,5.797807804116429,0.3166045746529601,0.10920866683760343,5.333347040998572e-95,1.432826602445889,0.010751656458335576,0.021525460883721773,0.07902874449969458
2011,0.01042490750931011,0.18663292993675135,3.3694538568578026e-05,0.29765506630881705,0.0,0.6695467149788816,0.2126637331180356,0.3868663950123815,3.882686581509911,0.004205115811214075,0.05778754443902137,0.24037551662071927,0.8738318376855329,4.641197911697937,0.03759954047654336,0.007982164105824021,0.01314364963551951,0.04631109562097373,0.6466844378783959,0.13983016139287863,1.4608640038450886,0.0,1.5358019651405188,0.002202896340953122,0.0023161184699050374,0.08665050214285007,0.03104150055166716,1.789714201830805,0.022775802807546267,0.0,0.0,0.3886260509655639,9.524959527553113,0.4527196585632405,0.0,0.21885784131342978,1.0404636867345258,0.013708431816361779,0.8397415037925724,3.3940092255422654,0.0,2.3107485771613328,0.31631330675967434,0.1035382060037529,0.7208596983695198,0.3927198111389402,0.0,0.0,1.5147846839558725,0.0569025040429518,0.2692197729162268,1.8029190543059914,6.888832828433572,0.007611500521152527,0.0,0.010963790925452008,0.1750381048399642,7.709836796105484,0.03374464135836752,0.9590310336354589,7.618057397754555e-05,0.4716573311797941,0.0,0.0,0.011189082325618202,0.0144079375960863,0.157361244806086,1.624191165543183,0.12273184145800603,4.387624899890338,1.590341290272735,0.1036226283023104,0.0,0.8704234171742558,1.7167792618687887,6.719610389419113,0.0253238374499726,0.09845878395398897,6.847032598222002,0.5009445030962707,0.08665473464404827,0.26185104013710153,9.153996556299947e-08,0.14112139701466606,0.0639064587453742,1.3211785592461012,0.7885351024075041,0.06331306950858748,0.0,0.0,1.3998956241430744,1.2193187007729647,0.3382059843638545,0.16480549409840356,0.013124316112619444,2.1366555744015954,0.0,0.006854543131498387,0.2820496790658748,3.467435858287506e-05,0.493795168047259,1.7665660473521803,0.49661592694262324,0.0054366295681144115,0.11314851098291631,0.9067033850043701,0.01459787073669397,0.056002241744048636,0.12070930586214132,0.4350979308402399,4.074225945513334,0.8896783597437082,0.04616405642314091,0.0028509076801264835,0.002882511312243109,0.3501785448689622,0.6013451372766964,0.03146011892450601,0.9413465748273736,3.3117093951984007,0.002388007743294826,0.05846847826349787,0.3098150863360409,1.8976977896811913,2.3963909521149764,2.3168316891030316,0.0,1.504303937197853,0.8374222291351149,0.013465756251648356,0.13374175069203958,0.10732647951352339,1.0468644474714368,0.0004831816520321482,0.04084936578863738,2.3933145428528073,1.7296356794087324,2.0784337053590654,0.0,4.53360614020338,3.8580236084917723,0.0,5.8983713836763805,0.4434579495240666,0.0,0.003019689017678062,0.3929600521444067,3.054932663674788,3.887300893879162,0.5295156733265869,0.017897668764838587,0.14143100967568842,2.5442763174749463,0.09060441974874117,0.8400922511709099,2.8970483198772357,0.0014366612263417217,9.805915750249406,0.12287091863025967,1.0653358006205444,0.0994977171333443,5.387680616179279,0.27304506229449677,0.09687092794703712,0.0002962492861242198,1.399476774164329,0.010384070137763619,0.02032123650912441,0.07412486457168742
2012,0.00955095214757089,0.20462960503222727,0.0004419688268604537,0.23717521276621265,0.0,0.6493702782320206,0.1677464742471979,0.41197138173404685,3.7563015779267652,0.003476371138457469,0.07186457749644524,0.24075413995327552,0.9716080951674407,4.494779871670581,0.02336336562870841,0.010314594452704308,0.009529006689903275,0.05055321932543991,0.6391418087155696,0.12802208210476043,1.4209799561551155,0.0,1.528008011917212,0.0031097729344037256,0.002786872571211084,0.11997424926323683,0.018705744890988356,1.725140322124654,0.02533011055517405,0.0,0.0,0.38831182365450245,10.1315236467147,0.39615761978444003,0.0,0.20612756593770096,1.0104738623469582,0.011478113228662715,0.6499987055308537,3.401000544460881,0.0,2.3289037280572855,0.29934413040466484,0.10217507441329496,0.8265381544675049,0.4399219175942842,0.0,0.0,1.5084396624258392,0.06054261635951414,0.26747508029501915,1.8387253854864196,6.530775149213843,0.01009778643923751,0.0,0.008550779407416886,0.1632863977244344,7.845521854443394,0.02505282687767141,0.8330818990870864,0.000261836493664654,0.4642956921233698,0.0,0.0,0.008573424813691145,0.014770778334306817,0.1634377243335713,1.678556563326454,0.10206531305086498,4.878084230090581,1.5567376202868728,0.08153326372291342,0.0,0.8575677503410373,1.7355877298674434,6.274832479156307,0.02270845405234159,0.07040951663804117,6.980167990248064,0.46886895346002594,0.09806672877918368,0.22583586982975823,2.174805434163835e-06,0.1898757440519975,0.0856705652030899,1.263698292422442,0.9192982659713753,0.07328866263003982,0.0,0.0,1.540152025599869,1.181869471285739,0.3172714285770702,0.15564848365157877,0.011265296116377763,2.0963143180416175,0.00039158946077494367,0.003663355387593846,0.27809137699411035,0.00018930078150251645,0.43737888976882977,1.763365141220481,0.4809412113818824,0.005520275115485143,0.12059018029381263,0.8710657022871773,0.012994281832360496,0.06944865187918314,0.1334328461394426,0.3757374842114545,4.090547685598245,0.8360772869274719,0.0614312430173257,0.002166712743801076,0.00318296747460536,0.3700434229737309,0.5753408633520095,0.022295362687100126,0.9890700914601728,3.4241663950291623,0.0018473010052208827,0.075562771664245,0.35240639887573766,2.948228646992063,2.4732419833115626,2.352949479711405,0.0,1.5943052796454422,0.8314847515937186,0.014490792842793107,0.14907414976850206,0.11066534461010781,1.0542273409068459,0.0022671110952229177,0.011520376839018045,2.5282654191579845,1.6836685010581351,2.102418072607668,0.0,3.724192497677795,3.9520748190485007,0.0,5.605720997818739,0.43993627373775157,0.00039502520043314715,0.0021016011182324224,0.3857248333426013,3.0109119650307217,3.5240084438299926,0.6208050228133837,0.010403288972462092,0.14160887968819127,2.5225824372537677,0.09248507973948458,0.9178751013983587,3.102546687286832,0.000368907758967381,9.27329092116412,0.15364330402503468,1.0730945485864456,0.21416872576772517,5.346196003344757,0.24136945451701056,0.10427544637188657,0.0,1.4882214113782324,0.006535682817337566,0.02686905240474406,0.07998695287418854
2013,0.012646338159626715,0.19800753135009555,0.0002215159471957048,0.15594071771391152,1.4290281792013721e-05,0.6027674221701212,0.16899000515714782,0.41503960523100003,3.7848638848663514,0.0025058922667878032,0.10247541597894826,0.22504299529824734,1.0021079728748605,4.677671509889573,0.02672911757269791,0.009760559810404941,0.0009656286957888582,0.03948611811467111,0.6625257267022309,0.01708844636474347,1.3580370002564919,0.002365490710685059,1.5061091834126625,0.0037646915569589734,0.0021217248639064552,0.16563578715256963,0.014193910130749342,1.678168810321989,0.002965950299833477,8.76095164778423e-05,1.2161123376345401e-05,0.3488301451554842,10.951759374908942,0.38881405189486085,0.00010548881326434846,0.19649961330507493,1.084776809415696,0.008057891760668809,0.5729200608808154,3.432786848390297,6.873568624384694e-05,2.3495585724071852,0.28921706298613237,0.08462483147620771,0.920220687795723,0.46707811753286194,1.1185322950528044e-05,2.6275484327530835e-05,1.528665132431126,0.055969439762421365,0.27325634302576385,1.877238994770386,6.815716500171886,0.011111404556593167,1.8754323341945897e-05,0.008399849148696247,0.14854021474844817,7.8362955359286435,0.022348041030328235,0.791872371788895,0.00031141850880723006,0.4565966298377502,0.0001501337090151064,1.3475833317382128e-05,0.006233589794251249,0.012973651922659734,0.15100792652309072,1.7459639456730622,0.10390473113983224,4.493543686878163,1.6106092319708651,0.1806065226142781,1.402742193594451e-05,0.8164054059147906,1.7277939658112584,6.221455076791129,0.017714952258664752,0.06712247620281381,7.15876549211812,0.446227242622618,0.1111660702063011,0.26695433144048103,0.0007914904034540633,0.1901080855673084,0.07539694939556331,1.2941052068225147,1.0040628028153915,0.05959138739904995,2.760266882628543e-05,2.0345042187070158e-05,1.7649345930475042,1.243553269552863,0.30909418414173884,0.1456155049670682,0.011778314003857497,2.0582663513878425,0.0008774745637085533,0.0002539454688262223,0.2711620766650485,0.00029654334954582433,0.4167579182046148,1.7355630188296216,0.45845440565667395,0.009785977498980643,0.11322942837856839,1.20829031286884,0.010583382495427448,0.07351391853739835,0.13365909300560483,0.3256719571611767,4.243777975753031,0.8375561419709072,0.060637609227670496,0.001745125479632255,0.0032069242246631235,0.3105528370814262,0.567853019306614,0.023037817267491136,0.9685304776004054,2.4596267445883586,0.0009458453591671978,0.06052243780610984,0.297251656449298,3.66726685812285,2.4735993135385153,2.516278175179209,0.00016528331687244474,1.6190224174187502,0.8414238741022888,0.01466753598723666,0.21300420966891598,0.11979287521715405,1.0173069688419478,0.00669603755346369,0.002495088712018617,2.726939149744995,1.779400716660282,2.233527351273558,5.5904970061443376e-05,2.848724990296823,3.952920517308876,1.0086424563102888e-05,5.792527441172069,0.4526905702434319,0.00034038346489171473,0.0024595664831751816,0.40288631272647707,2.9411002349483355,3.284011042446557,0.5545772928689483,0.01396713640861564,0.1404983013738139,2.729748469621121,0.08772444805611208,0.868937926278003,3.2820646809257163,0.0005489265869256635,8.80978327628608,0.15468317728516345,1.0092476502274996,0.22788945712887865,4.649822602478877,0.22983835269771954,0.10498746501934601,0.0004451472867518366,1.4533612444077009,0.005294066015617746,0.03354689556595907,0.08439509175548553
2014,0.011280478682941334,0.16901545766109521,0.0004451720993354589,0.1589571302159142,3.5710747765385394e-05,0.5428543638416974,0.13678055119559943,0.4151502958194068,3.5964978294835004,0.0014808725068616497,0.1379763625254759,0.16888502591080162,0.9835790502796923,4.507554312353332,0.0363149702053315,0.008723050561194308,0.0011525623324888904,0.03007106109974471,0.6923080731344787,0.015746012064131024,1.2685876756796914,0.004792380778490234,1.565741975870054,0.0038141935715894125,0.002688241446346721,0.16390991352663584,0.015432340289933276,1.6930430281121829,0.000992210110602669,0.0001137547929832593,3.4707240399077094e-05,0.34877359043294737,12.102267733498813,0.273313318260731,0.0002247694257371865,0.2233714712519038,1.0982680960325755,0.004571479020831799,0.5613417468348042,3.534354538165985,0.00013037522416651517,2.268751048141181,0.2949975892334043,0.055546505669723245,0.9360474762470712,0.46375937638359743,3.112960240230763e-05,6.913014721154125e-05,1.428280208534879,0.04834109347094981,0.20075765112057573,1.875628008271528,6.698217794685751,0.00860937003085652,5.77441618605507e-05,0.006383082045519515,0.15812984672031538,7.722886152500662,0.01121689681248317,0.7568402773715829,0.0003014722633135471,0.4843815314162143,0.0002271967193897667,3.426389874790002e-05,0.006976183946080497,0.015192005812165718,0.15979568379142967,1.7510147721387224,0.09099310531048205,4.77225860318829,1.6358219465041284,0.18693401840181859,4.035564868698031e-05,0.7326415739051962,1.8010887357616794,6.145131482623462,0.020327174909182493,0.0532156904983024,7.238153986906139,0.4333142405884215,0.12001823436523075,0.20494795532932475,0.0012484133560007574,0.15287443287616925,0.06699784490953206,1.374175898538784,1.000124704208479,0.052112689010524155,6.097665768179876e-05,6.580212662942501e-05,1.7398497218254354,1.2020783554781957,0.3031905998918537,0.13944725957868237,0.01609276825200498,2.0967560740569606,0.0005451588637402785,0.0003874620526515738,0.25761447718657665,0.0006210276613393551,0.37195008052371975,1.6251947604962862,0.3614515416339071,0.008845186062323497,0.11708340317629966,1.2879068506259812,0.011647492077911955,0.0697573080272342,0.0882548169466582,0.3037285842097765,4.3029943258394265,0.7498983064674678,0.03469667662803819,0.001987564595716662,0.00256197121458884,0.2929168493816639,0.5706054395092163,0.02418445595009541,0.955570771331211,1.7973238787392989,0.0005958511216614561,0.04609563571677824,0.28187839659874075,4.388583137135787,2.517859637266937,2.3278299982910275,0.0006403974162720303,1.636105124409775,0.7587539169187404,0.018497450729707345,0.23489325485244206,0.12582436069245065,0.9859731279361761,0.006008222632607807,0.002354789068341324,2.6156136352907073,1.8014221321017057,2.210686743518531,0.0001463323127705821,3.6210650724842104,4.103690320320552,2.955500780870256e-05,5.520386438383852,0.42198605213156704,0.0007651699444346082,0.0024040460010524493,0.38013991059463637,2.7824318441359845,3.214392518458707,0.3273110512622036,0.015603598280214476,0.09104857387912242,2.838475942106403,0.06764974491847137,0.8778180304125166,3.18108487326674,0.0005283725912657132,9.134792808303937,0.13632403965822826,0.9093532830248757,0.1828638227624343,4.712442656634946,0.19532012984289998,0.10793825755598191,0.0007249991611999099,1.4534345504028305,0.007577728972091778,0.03079926573722504,0.07111479241823186
2015,0.010398679510941183,0.17103980708847683,0.0004523512950425174,0.2849567594366348,0.00019852544773332553,0.4659244093307421,0.1145348376759519,0.35055643691434324,3.3269929988421274,0.002405926851858566,0.18214529368203608,0.16866862110730158,0.9095997810325361,4.338061042439938,0.02537332996311503,0.007977595305662319,0.0019001888942471266,0.02827272656496647,0.6192681320873384,0.012882402761311511,1.1538941991484233,0.009705879165121936,1.4737396316697737,0.0038609656346971686,0.0028310332490054943,0.19665969514598916,0.015960372853095213,1.664026682008081,0.0006030956799193491,0.00018863344782443303,7.933394254264198e-05,0.4203956244841076,16.138136639543117,0.27739595182087656,0.00021479812863475542,0.24719576888962566,1.1488644548479165,0.0035164072227391635,0.5464720213810537,3.307983869193353,0.00021405051627962953,2.161038206103338,0.2779482726876146,0.05262569482227261,0.8568709275349898,0.4420071789001968,7.81397934778743e-05,0.00012649219016921636,1.3357176768269514,0.04962454333926871,0.18771677786853455,1.6849655440936588,5.149945270426826,0.011254667228219458,0.00013027911013407142,0.002940467023533646,0.16001145673400302,7.7254602897023625,0.007647439977480529,0.7471205577374479,0.00039203251941685003,0.43086439429398843,0.0003583440221401708,8.390186984901215e-05,0.008276749205660374,0.016050250242425398,0.14937509285331568,1.7086724132344226,0.07431295699021853,4.69566659293308,1.8129107067662364,0.14946300071793775,9.143324496007388e-05,0.681537048138843,1.609343570515608,5.320234039746459,0.017923781775771273,0.055511222273067866,9.249561637725181,0.3526429634655005,0.15044170800495038,0.1604754287630388,0.0030148271792641555,0.1413668508853365,0.0624884132294275,1.1963956401842744,0.8578639267858937,0.04637427426396799,0.00014142259889812707,0.00021549910018140618,1.5817291503023134,1.1995422684679478,0.27535534285420243,0.1457534154705541,0.011312298041274654,2.293200565209378,0.0005959274451146462,0.00045779636798728903,0.25707866894383485,0.0005183562651392135,0.30953349277493986,1.4263197816522726,0.3151956239073975,0.010757326456198138,0.1219097358028891,0.3771883350502131,0.01002189856193669,0.08970817803582104,0.08267144776817038,0.2750237485666047,4.073809727462202,0.6798186476096659,0.03379353816024478,0.0012060652968091453,0.0007856375823163923,0.24829379465519386,0.5724870973618036,0.026737491755379605,0.8443469782284433,1.81698789532479,0.0005956498253512194,0.047672546460846774,0.23735772423907614,7.2974139177217054,2.566544676365362,2.051648100392682,0.00115695352309306,1.531381725208651,0.8202588002885306,0.015935737375046884,0.27002108904919964,0.11115193280927115,0.9704468973384816,0.01118079052220659,0.025579303414512252,3.3598543171073167,1.6136207927240676,2.1276805824311205,0.0003539694691676086,1.1056447434006615,4.1726351880539125,7.532297665684498e-05,3.9317984887760513,0.4229386709947293,0.0016282641407963784,0.0011454153195408847,0.30278720628674244,2.6028752990582142,2.964663132510158,0.25952191263987945,0.00834511272543886,0.07568501661314542,3.46701115880374,0.06223135398950245,0.8343821682350895,2.6596257719677245,0.001063535247489011,11.178449535305337,0.10590347883698685,0.7792205377043521,0.20566364798714884,4.491943034433308,0.1878551190069171,0.10701356145277595,0.0009489374365476644,1.4003258639369311,0.008243741980488488,0.02683101126863074,0.05271907143010071
2016,0.012164188738542624,0.19414849558886077,0.0006731715894338012,0.33776026489355504,0.0004651552921873325,0.41039973571826804,0.1392682885791385,0.2982892603453892,3.2988461692911777,0.0041286027712070916,0.14573512536981587,0.15289739237860844,1.0363603578961325,4.188613810306958,0.026972986178203293,0.01789182688324546,0.002763388429089049,0.026019937087780082,0.6546218174641759,0.00658004889669199,1.2531283727388722,0.01429695215686376,1.5450641402679295,0.0035394178387656034,0.003486501280484314,0.22856311200697474,0.009390803015837602,1.6081965781702552,0.0011003171983427873,0.0004414600777619831,0.00014696043576984102,0.423982385749789,15.575082758878494,0.30993325561724594,0.00036570704944193004,0.28196592999525666,1.2671370621027147,0.004015944386709736,0.6031008398393497,3.221779422261499,0.0003199949262973199,2.201894685629359,0.28235173317311235,0.054742944874128334,0.8583291464123567,0.5057117515427356,0.00013443794427748506,0.00020556854888718106,1.4454053431975793,0.05585483516115087,0.2276633461517054,1.7109621041803256,4.867128024788231,0.0026956761688083745,0.00026837527638372483,0.0016226311998930947,0.16428055482755277,7.5238354844544055,0.009778566896602217,0.8319109485086592,0.000495551583894443,0.38341608263783483,0.00038590924914601044,0.00013735324759229334,0.00986974367353505,0.01596281852496576,0.1489022911035167,1.7108174538397798,0.08948333874178867,4.790263545475496,1.7379403210052367,0.23919644188682068,0.00015941379797848932,0.6484904402542555,1.5694496026627356,5.711117867047612,0.020245927420169667,0.06403836278291965,8.690089649769233,0.3405093428583678,0.16897568569504479,0.17014353623047954,0.0032028597495626695,0.15404026873898907,0.07979054767665496,1.249654122943134,0.780293184510028,0.04317552076437984,0.00023556009585960427,0.00036349880416494933,1.721693819955708,1.2273896136844997,0.29709078842646813,0.12886062869185042,0.010661277291257662,2.3251677748071327,0.00041406073018599273,0.0035434336964553243,0.2582237432533508,0.0006392668276197511,0.32262009836641786,1.4732937164957596,0.35899018693763163,0.014502320637325714,0.11660630778701497,0.38151680704110186,0.012376913003129411,0.1459911434287391,0.05670432434461301,0.27164605279960446,4.235032587002048,0.6477686325999222,0.044947981823945424,0.001918569312720124,0.0019599070507983016,0.23989229694659744,0.5940436976942768,0.022764382618655998,0.8073818995832902,1.6814651683771973,0.0006637889263804468,0.04865703588226681,0.23272406769669937,6.575620815796226,2.6413149643926226,2.105675625916272,0.0017711466938625548,1.592153366933698,0.8497754846236031,0.012046444918870499,0.26195628156785483,0.10676598149466718,1.0017403745577829,0.004683722809249025,0.027008769568420396,3.3354596945502815,1.5769862210568883,2.2183669241806068,0.00042860151533206275,1.0924482785543599,4.417227795161583,0.0001306750756107162,4.154560040141188,0.4228410100272483,0.001866547517458429,0.0013274795132196405,0.24575129075377325,2.6375443144101975,2.967757641590162,0.24092871160733476,0.010207010264334892,0.07542247138916287,3.1819642801966035,0.06527039210121541,0.890127128361042,2.714988939400356,0.001368713524227395,11.234288092092644,0.10319479936395597,0.7996496838339429,0.20357543195609842,4.86001240178303,0.18513707615528757,0.11666024080012101,0.0014978269247781224,1.4405419256051668,0.0017293912839895357,0.010947482305036704,0.04686587260952207
2017,0.019186110001756285,0.2361124329510787,0.0023392722000983683,0.43403720875452734,0.0012837211682843758,0.4557099472412976,0.18626867523499782,0.29883583674349196,3.450993843148618,0.012173067371455935,0.13269628647005466,0.15821197723841224,1.128943443953411,4.602251567043906,0.03759674164630147,0.029705433268575977,0.005726783791535009,0.03950464315110329,0.7309039038120226,0.013267017432057037,1.2216051873046967,0.02201432474031939,1.6410389708113704,0.007828847375734225,0.007907745183879863,0.20947960623008724,0.015584341901632413,1.7773477508754651,0.0033665783354801457,0.0015653324493780138,0.0005463943155882249,0.4399531063864691,15.28553035303579,0.3750115115406005,0.0010455082683001244,0.3313095278501047,1.3813349332715907,0.006590538374846296,0.6431982347614659,3.368540414153932,0.0008455559390077456,2.270942740102552,0.2891725385185963,0.08168784330802528,0.943141649425511,0.5770798944802822,0.0004854184841253489,0.0007428788825788706,1.6850739179323404,0.03443313180885943,0.2605388542991436,1.8096443760368188,5.085984647584575,0.00559163555170069,0.0009130001875786403,0.004598313011005637,0.23072495010127697,7.656056304378777,0.021399683632149925,0.9316816067446566,0.0018142090090449735,0.42104788005111626,0.0012352910502954357,0.00048180044311154545,0.011270389033716648,0.02141184070836334,0.17654565228463634,1.7911288576433613,0.11254833699791397,5.053425816115439,1.8725910322546966,0.263980729423621,0.0005572083151782083,0.6923308463028301,1.710539887711412,5.698159289158351,0.03283185254160441,0.07609857231574048,7.02977824094993,0.43464415566481757,0.19407875688479725,0.26458240055189614,0.007831296389441265,0.16608564021665267,0.0738574106453566,1.4684367908069371,0.8693014581320825,0.05269328295968368,0.0008259370519279494,0.0009412715658261612,1.9375124139217015,1.3417165449712662,0.34514791362211045,0.14300618019609962,0.021316506796904975,1.9988817338470648,0.001174374102320025,0.007868468745055613,0.3198573454571051,0.0022538700405902137,0.38948451545222085,1.6397945534964282,0.39779786928394967,0.020283506126953593,0.1385706117590234,0.42583440748677315,0.024315442420025996,0.2426546545341822,0.05869400559213261,0.34113873598761,4.4560620960991795,0.5879676237667815,0.06110115056796033,0.0035973106442327993,0.0066936933999651605,0.2857979308886091,0.623306732432674,0.044125466650579245,0.8968577385181794,0.8913364386774584,0.001955187604142588,0.07013483260342815,0.26630498341132164,1.0362061069407937,2.8663408561086703,2.2420475082480595,0.0046130156807751175,1.692674641460423,0.9622264534972912,0.005826155298533066,0.30330307429011805,0.12376306139874864,1.105171321061451,0.01042597036447851,0.05074901861052059,2.2408010615207976,1.7085020502982569,2.3874839495075717,0.0014625314706299215,1.1389611459286861,3.765499934222111,0.00048314325733821503,4.335147655421264,0.5119501723560691,0.0041140542978801015,0.004400082693517178,0.33251114274654986,2.763102920886274,3.0880994442321335,0.2638299697629941,0.015620771302428985,0.11270479393711483,2.6512279458885892,0.06428350406513637,0.9248493907719891,2.8727813056616855,0.0037186673995386827,14.480035775869684,0.10869043572000021,0.8219636553420613,0.32641529007863795,4.818510348156019,0.1971460389583633,0.17662312063562033,0.0034097457133158765,1.2795119651430753,0.006659412349370506,0.027312566300656718,0.05795179266168844
2018,0.020935330050903832,0.23653173603019415,0.00112043994475062,0.43141475055182266,0.00098567077974883,0.45165506145902257,0.20204326732730257,0.35053084758734115,3.6476401686224817,0.0130514595070011,0.14910042627391382,0.15531835908725877,1.2297836905656725,4.763397406909497,0.03404399349235527,0.02423480018923012,0.003885416972464881,0.038966126490087745,0.7754264425854889,0.01119344782167398,1.2923419291266232,0.023199724745111,1.8081532652473224,0.007102088337917439,0.006663724633676541,0.1850203204721877,0.0025486785672634406,1.9263303420382807,0.002404679010543495,0.0008384302178055454,0.00038276511005452303,0.44595875620633824,12.637691204344637,0.39129668493256575,0.0006231496649355081,0.3439271960453812,1.5150403932771648,0.003827331224746432,0.4818563124880022,3.564992406631098,0.0006016690245558817,2.3187370888016487,0.16864896147931632,0.07831131915844398,1.0424428994490358,0.5516305530454502,0.00034658132977153765,0.0004936157512873565,1.7541816110309048,0.03403580440355352,0.24753453251384006,1.8828033786231084,5.4980411444,0.004574899532098269,0.0007771251675218433,0.004107772855645303,0.2577243726516421,8.062263770613232,0.019843963031328557,0.9985075831860651,0.0013852110812302247,0.3293417141116352,0.0007723836117778067,0.00036486496359195363,0.009544238577410113,0.014637999581593009,0.1148800484395376,1.9064751674795608,0.11900654540635182,5.41379284084801,1.5941895579591687,0.16252571629337956,0.0004290425902078633,0.7254727057293645,1.8298396933175443,5.949871700248352,0.032281816418231774,0.033126175571480884,7.090215681886551,0.49005835817631543,0.18910279374857836,0.3027689553969655,0.0066811790323369116,0.15977575349139359,0.06337918727900113,1.5575535750248777,0.9593901052912738,0.045810635616729156,0.0006176261572223642,0.0005743036188208908,2.1038185199122394,1.4663574249095603,0.36385828666133685,0.14401939257718935,0.017640868089069953,2.024725388467801,0.0009474572218338575,0.0018224955465002061,0.3331734510961761,0.0015920569028861518,0.4850432866145374,1.8309854586557706,0.3868058746495614,0.022578770998999444,0.18241504034653316,0.45591073857215697,0.02696325906335773,0.24961904923168493,0.0476904370774809,0.30140958872611867,4.505974422378799,0.6300096147134623,0.0551951832898107,0.0018896476768001046,0.005245200402179157,0.3571876354638668,0.6372182181518099,0.05262234124441951,0.9875912979704059,0.6948665327032311,0.0017227869550850326,0.07475466735124708,0.3001359305285479,1.0315109364643364,3.186954328736882,2.407676254229809,0.0016820573428729378,1.7541481291955376,1.0411195236291175,0.0038138707606277834,0.28769172240951624,0.1327300374508259,1.22048466882287,0.006089957688695114,0.05773852960376931,2.0095558755207863,1.7855796038620746,2.5184817501174357,0.0012285144743560752,1.2910064302040258,3.8333543760847357,0.0003589408413775172,4.502587474186532,0.47162646112532486,0.0026871049344859518,0.003799725744346137,0.35110048642234,2.8970556201823507,3.171303669531785,0.277716879504868,0.009061549971526202,0.31423052842661503,2.613453324990687,0.03143579676270013,0.7632575780432584,3.249816359670903,0.002958387505566014,11.841447506920158,0.11540518257079767,0.8522305410159929,0.3004230456570651,4.981394241479534,0.17882085064056785,0.18811226407372594,0.0021337241836282372,1.2517678835604644,0.006199501690620968,0.03126216339728123,0.05478386864995529
